{
    "loss": [
        0.0017209590878337622,
        0.0005778890918008983,
        0.00046859149006195366,
        0.0004561576643027365,
        0.00039625048520974815,
        0.0004057510814163834,
        0.00038475144538097084,
        0.00036042515421286225,
        0.00029530926258303225,
        0.00031826391932554543
    ],
    "val_loss": [
        0.008436823263764381,
        0.00602773716673255,
        0.0029178522527217865,
        0.00148987106513232,
        0.0014784462982788682,
        0.0020137173123657703,
        0.0039862971752882,
        0.0008213217952288687,
        0.0021349817980080843,
        0.0014170625945553184
    ]
}