{
    "loss": [
        0.0016325156902894378,
        0.0005962195573374629,
        0.00048638501903042197,
        0.0004385804641060531,
        0.000436389003880322,
        0.0003599146439228207,
        0.00032629893394187093,
        0.0003949485835619271,
        0.0002844786795321852,
        0.00030843084095977247
    ],
    "val_loss": [
        0.008518362417817116,
        0.0011900104582309723,
        0.005498210433870554,
        0.0009609964909031987,
        0.0009239817154593766,
        0.003981687128543854,
        0.0008753731963224709,
        0.0014508087188005447,
        0.002094124909490347,
        0.0006722463294863701
    ]
}