{
    "loss": [
        0.002113940427079797,
        0.0006189404521137476,
        0.0005503041320480406,
        0.0005287413951009512,
        0.00042207620572298765,
        0.0004010337870568037,
        0.00034298968967050314,
        0.0003275492927059531,
        0.0003285926068201661,
        0.0003216617042198777
    ],
    "val_loss": [
        0.0034213364124298096,
        0.0019334002863615751,
        0.0019772450905293226,
        0.003463040105998516,
        0.0020431079901754856,
        0.001774630043655634,
        0.0023092913907021284,
        0.0017314365832135081,
        0.0015099175507202744,
        0.002059478312730789
    ]
}